text,label,notes,prelabeled
"More drives do NOT lead to more free throws. I looked into the data (NBA.com drives & FTA per team). It's all over the place: the Nuggets, Lakers and Bucks have few drives but are top 5 in free throws, while OKC and the Bulls have lots of drives but some of the lowest FTAs. Teams with more drives also play at higher pace, so the data should be skewed in their favour. Drives only account for a portion of free throws — for OKC, the team with the highest share, it's only 36%. Run a regression and they're actually negatively correlated; the r-squared is just 0.01, so variance in free throws is essentially unexplained by drives (about 0.02 fewer FTs per extra drive). Drives aren't created equally: Herro and Edwards both drive ~13 times a game but Herro takes finesse midrange shots while Ant powers through contact. Shot type, defensive scheme and how much contact refs allow matter far more than drives.",analysis,"Verifiable dataset + regression; strip the opinion and the evidence stands.",ai
"Wembanyama from three in the Finals: 2/9, 2/6, 2/4, 2/8, 1/6. Atrocious. It's insane how ineffective he was from three despite the volume. To me it speaks to his resistance to contact and his conditioning — it's easier to jack threes than rim run. He was exposed vs. KAT, Robinson, and OG; he did not want the physicality of this series. He needs to change his offensive approach, as do the Spurs as a team.",analysis,"Specific game-by-game shooting lines anchor a tactical argument.",ai
"A 2021 study by Ryan S. Brill concluded that timeouts are ineffective at stopping runs and can actually be disadvantageous. Runs usually happen because a team is shooting well or someone has a hot hand; left alone it regresses to the mean. Calling a timeout makes the team on the run more confident and lets them rest, so it can backfire.",analysis,"Cites a named, verifiable study and reasons through the mechanism.",ai
"The 2026 Nuggets would beat the healthy 2026 Timberwolves. The Nuggets are a completely different defensive team with Aaron Gordon and Peyton Watson — Gordon is the identity of Denver's defense, giving them both rim protection and switchability, and both are athletic enough to match Minnesota's guards. When healthy the Nuggets are an offensive machine; the injuries made them ordinary and let Minnesota's perimeter D focus on Murray, which eliminated the Jokic-Murray two-man game. The Wolves were also missing Ant and DDV, but a healthy Watson and Gordon change the matchup. I'd give a slight edge to Denver at full strength even against an elite defense.",analysis,"Author calls it a hot take, but it ARGUES via matchup reasoning -> analysis. Great 'hard to label' case.",ai
"Most overrated: Mazzulla. Aside from threes falling I didn't see many adjustments or good plays down the stretch — a lot of iso JT/JB ball. Yes he won a chip but I don't think he's THAT great a coach. Most underrated: Billy Donovan; the Bulls would be significantly worse without him and he was fine in OKC too.",hot_take,"Confident evaluation with only vague, unverifiable backup.",ai
"The 2026 Nuggets couldn't even beat an insanely injured Timberwolves team. They got cooked by Ayo Dosunmu.",hot_take,"Bold dismissive enduring-quality claim, zero evidence -> tie-breaker sends to hot_take not reaction.",ai
"I mean what are we doing here??",reaction,"Exasperation at a chaotic refs/highlight moment; no argument.",ai
"Extending the series — 22 FTs to 4 in the second half 😂😂",reaction,"Borderline: contains a stat but used for emotional venting about refs, not reasoning -> reaction.",ai
"Reading the article, they list teams underperforming their preseason win over/under (or in the Warriors' case who thought they'd contend and look far from it). The Wolves are on pace for a 51-win season and their preseason o/u was 49.5, so they're more or less meeting expectations. And unlike the Warriors, I don't think Minnesota thought they were legit contenders.",analysis,"Specific numbers (51-win pace vs 49.5 o/u) used to reason about expectations.",ai
"The Lakers can't be what they'd like while spending 54m on the current version of LeBron. Either they trade him in-season (unlikely given his NTC) or accept they won't contend and set up the future: offer LeBron something like 2y/45m with a team option and no NTC; decide on Austin Reaves, who'll likely want 35-40m; Ayton at 8m is a keeper but second-guess past 15m; Smart at single digits is good but not more; Gabe and Kleber are goners unless they take a pay cut; Hayes is fine as a backup center; is Rui worth a ~20m/y offer or a sign-and-trade?",analysis,"Detailed, specific salary figures and roster reasoning.",ai
"As an OKC fan the non-Shai minutes were always my concern. We played the Wolves late in the season, were up 20 going into the 4th, and they came back and won in OT with Ant on the bench basically the whole time. Every possession they just doubled Shai at half court and our offense couldn't function without him despite it being 4v3. I had serious doubts about the team's readiness after that game.",analysis,"Specific game + tactical observation supporting a claim about non-Shai offense.",ai
"I saw a stat that a team hadn't won a chip with one guy having as high a usage rate as Shai did last year since prime MJ or something. I thought they were one Shai cold stretch or a tweaked groin away from falling apart offensively.",analysis,"Borderline: loosely-sourced but specific historical stat doing the reasoning. Review.",ai
"Smart was never gonna win a title with this iteration of the Celtics. He needed to go in order for Tatum and Brown to fully develop mentally into the leaders of the team. Smart was always gonna be their big bro who thought he needed the ball in crunch time as long as he was there.",hot_take,"Confident causal claim, no evidence.",ai
"LeBron is a class act beyond Jordan, Kobe, Magic or Kareem. Not dissing those players but LeBron was everything the league needed and more at a time when basketball was getting a bad image.",hot_take,"Bold ranking claim, zero evidence.",ai
"I believed it only because Iggy said he was a true talent. But the second I saw him in a real game I lost almost all hope. If you don't have it mentally you have no chance.",hot_take,"Opinion/assertion, no verifiable evidence.",ai
"The 2 slot is a huge problem for draft models — it's where athletic mega men with no proven basketball chops go.",hot_take,"General claim asserted without evidence.",ai
"I don't think anyone should have been confident in any outcome for Wiseman. No one had really seen him play meaningful basketball; he was a complete mystery box.",hot_take,"Borderline: light reasoning but no verifiable evidence -> hot_take. Review.",ai
"You don't get to throw elbows just because you're young.",hot_take,"Opinion/value claim, no evidence.",ai
"Wemby is amazing and more talented than any of these clowns criticizing him.",hot_take,"Confident assertion, no evidence.",ai
"Bro tried to dribble my point guard, yeah f that guy lol.",reaction,"In-the-moment emotional jab, no argument.",ai
"BUT HE'S ONLY 22, HOW CAN YOU EXPECT HIM TO NOT HAVE VIOLENT OUTBURSTS",reaction,"Sarcastic emotional outburst (caps), no argument.",ai
"HE HAD A CONCUSSION AND EVERYONE KNOWS THAT CAUSES EMOTIONAL DISREGULATION FOR WEEKS",reaction,"Sarcastic emotional outburst (caps), no argument.",ai
"Factor in that coming into the Finals he had the highest true shooting percentage of any player scoring 20+ points in the playoffs (not counting KD's one game). The upvoted takes that he can't be top 3 because he has no go-to move were silly — he's not a top-3 offensive player, but pair his offense with game-breaking defense, the kind that brings the two-time reigning MVP down to earth, and he's at minimum top 3.",analysis,"Cites a specific TS% stat and reasons to a top-3 conclusion.",ai
"77 defensive stops in a single playoff run is absurd, and defensive stops already undercounts his impact — it doesn't capture the shots guys don't even attempt because he's in the paint. The gravity he generates on defense is like a stretch five on offense, just in reverse.",analysis,"Conceptual reasoning about why the metric undercounts his impact.",ai
"I never understood people saying he sucked. This was his first healthy season and first playoffs, he was the best defender and it wasn't close while averaging 27 ppg in a Finals. What more do you want from a first-time playoff player? Even LeBron didn't win until his 9th season.",analysis,"Borderline: mixes defense of player with specifics (27ppg, LeBron yr-9 comparison). Review.",ai
"This is what a real generational player is. Not Zion or Wiggins or Simmons.",hot_take,"Bold claim, bare comparison with no support.",ai
"DPOY for the rest of his career.",hot_take,"Bold prediction, no evidence.",ai
"Best defender in the world by a long shot. No matter how bad an offensive game he plays, he'll always be a positive on the court with that defense. He's gonna be unstoppable when he's 26/27/28.",hot_take,"Confident assertions, no evidence.",ai
"Unless you can take this stat back to Day 1 it's irrelevant. I'm sure Wilt and Russell did this hundreds of times.",hot_take,"Dismissive assertion ('I'm sure'), no evidence.",ai
"I'm not about to blink at a record that accounts for less than a quarter of the NBA's history and doesn't include any of the years when the truly dominant defensive centers played.",hot_take,"Borderline: raises a real data-scope objection but used to dismiss, no positive evidence. Review.",ai
"Too bad he couldn't stop shit when the game actually mattered in the 4th. Brunson cooked him so hard.",hot_take,"Borderline hot_take/reaction: dismissive evaluative jab about the Finals; standing claim -> hot_take. Review.",ai
"all of that just to get his ass packed up by the Knicks lmfao",reaction,"Emotional taunt, no argument.",ai
"This dude is 22 and MADE IT TO THE NBA FINALS. And tbh I can't wait to see him next year, this dude single-handedly made me a fan of the NBA again after many years.",reaction,"Raw enthusiasm, no argument.",ai
"As a Knick fan, give the guy some space. He just lost. Not a big deal. Refs on the other hand need to be investigated.",reaction,"Ref grievance about this game -> reaction per tie-breaker. Borderline.",ai
"Yeah holy shit he gets it now. Once he figures this out he'll be unstoppable.",hot_take,"Prediction asserted with no evidence.",ai
"GGs Wemby. The guy is 22 and still very raw offensively. If he stays healthy teams better get ready to see this guy until May/June every year.",hot_take,"Prediction/claim, no evidence.",ai
"Cannot believe we won this game",reaction,"Raw in-the-moment emotion, no argument.",ai
"Almost fucking choked it, my heart",reaction,"Pure emotion about the close finish.",ai
"I legitimately looked away for the final possession, my heart was in my ass this whole fucking game.",reaction,"Pure emotional venting about the moment.",ai
"Fire this ref crew into the sun oh my god",reaction,"Emotional ref grievance about this game.",ai
"That was atrocious",reaction,"Short emotional reaction to a play.",ai
"Crushing loss for the spurs, and going into NY? Yikes",reaction,"Emotional reaction to the result.",ai
"GET HIM TO THE RIM HES 8 FEET TALL",reaction,"Caps-lock emotional outburst, no argument.",ai
"Fuck if only we had a giant to throw the lob to.",reaction,"Sarcastic emotional venting in the moment.",ai
"Fuck Tony Brothers. Only attempting five free throws during the second half, in a game this physically intense, is bullshit.",reaction,"Borderline: cites a stat but it's an emotional ref grievance about this game -> reaction. Review.",ai
"Fraud ass bullshit referees tried everything they could and couldn't do it. Tony Brothers can go jerk their entire team in the locker room now",reaction,"Emotional ref rant, no argument.",ai
"The Spurs have shown all season that their philosophy on close, late game situations is to not call timeouts in an attempt to prevent the opposing defense from getting set and making key subs. Not sure how often it's beared out in our favor though.",analysis,"Explains a specific strategic philosophy with reasoning.",ai
"The Knicks nearly blew it but survived. Brunson had an abysmal shooting night but he'll never lose confidence. Wemby was too timid to create action the 1st half and needs to handle the physicality of New York's bigs. The Knicks have other guys not afraid to shoot and they offset Brunson's struggles. The Spurs offense too often starts with a guy going 1 on 1; they need to create easier looks. It'll be over in 4 or 5 if this keeps up.",analysis,"Detailed tactical breakdown of both teams.",ai
"Lobs are hard and only some players really excel at them. The Spurs guards are either not great playmakers or young or both. Getting that timing down will probably develop. You're always gonna leave points on the table when you have an inexperienced team.",analysis,"Reasoned explanation grounded in a concrete cause.",ai
"I thought if the Knicks won this series it would be Brunson making the legacy statement, but it's KAT instead. I thought the scouting report on him in Minnesota was he couldn't play defense, but clearly he matches up well with Wemby.",analysis,"Matchup/scouting reasoning toward a conclusion.",ai
"Especially when you don't have a shot clock on the last possession. Pure idiotic game management by Mitch Johnson. You take the last shot and if you don't hit it you go to OT.",analysis,"Tactical reasoning about end-game clock management.",ai
"Extremely demoralizing for San Antonio. Thoroughly outplayed all night until a great run brings them back into it, only for them to kill the run by fouling a 3-point shooter and blowing it in the end.",analysis,"Borderline: concrete tactical recap with some emotion. Review.",ai
"They're honestly one piece away from being a very scary team in the near future",hot_take,"Evaluative claim/prediction, no evidence.",ai
"He's really fucking good and everyone's a fucking moron. A 7 footer thick boi that can drive from the perimeter... there's like him, Jokic, and no one else.",hot_take,"Confident claim with only vague backing.",ai
"This series reminds me a ton of the 1995 Finals, with Wemby being Shaq.",hot_take,"Bare historical comparison with no supporting specifics -> hot_take per Fix B.",ai
"They are basically the Shaq-Penny finals team.",hot_take,"Bare comparison, no support -> hot_take.",ai
"Spurs are just making young mistakes",hot_take,"Brief unevidenced explanation/claim.",ai
"He is elite. Three conference final runs in a row and now making a finals MVP case.",hot_take,"Borderline: cites CF-run count but mostly assertion. Review.",ai
"Shooting limitations make it impossible to get any offense going once teams tighten up defensively. Their two leaders have no gravity so the role players get no room to breathe. Most other teams have someone who's enough of a threat to require double teams or constant attention, but they don't.",analysis,"Explains a specific mechanism for why the offense stalls in the playoffs.",ai
"Lakers were seeing Reed Sheppard like food all night, Rui and Smart were going after him. It's hard to win an NBA series with that archetype when nba coaches get time to gameplan for a series.",analysis,"Tactical: identifies mismatch-hunting as the strategy and why it works in a series.",ai
"He came off the bench because Kentucky had other freshmen already promised to start. People overestimated his handsy defense and the impact of his shooting day 1. The problem is he was never a volume shooter or scorer in college, which is why he had such ridiculous percentages. Forced into a volume role now, he's very inconsistent.",analysis,"Detailed scouting/reasoning grounded in specifics.",ai
"The lineup choices by the Warriors felt so bizarre. Did Porzingis and Curry play any minutes together? Last play-in game they were an electric duo. None of the lineups the Warriors sent out felt like they had any rhythm.",analysis,"Tactical observation about lineup construction.",ai
"The entire Warriors team looked like they couldn't move. I'm used to teams looking like that after a seven-game conference finals, not the second play-in game.",analysis,"Borderline: fatigue observation with a comparison. Review.",ai
"warriors best player was podziemsky. they are done.",hot_take,"Dismissive claim, no evidence.",ai
"Why a deep run? I only see Warriors getting worse, they are very old so injuries will be common, and other teams will just get better like the Spurs, Thunder, Nuggets, Lakers, Wolves.",hot_take,"Prediction/opinion, no hard evidence.",ai
"I'd be devastated as a Rockets fan. The entire young core is garbage and not made for the playoffs. Even with KD only playing 1 of 3 games, no one would expect the Lakers to be up 3-0.",hot_take,"Bold dismissive claim about the core, no evidence.",ai
"Jalen Green showed up and showed out, the Warriors score was a lot closer than how the game felt. Unpopular opinion, I see potential next year for a deep run from the Warriors.",hot_take,"Prediction asserted without evidence.",ai
"One of the worst playoff chokes ever considering context and their situation.",hot_take,"Borderline: superlative evaluative claim, reads as hot_take more than in-the-moment venting. Review.",ai
"Time to blow it up, Warriors",hot_take,"Brief unevidenced opinion/prescription.",ai
"I legitimately had the remote in my hand getting ready to turn off the TV right as Smart got the steal. Great win by the Lakers, but agreed: Choke City, USA",reaction,"Emotional in-the-moment recounting, no argument.",ai
"Shoot the whole team into the fucking sun",reaction,"Pure emotional venting, no argument.",ai
"I never seen a team give up 2 possessions in less than 24 seconds like Houston Rocket, wtf was that",reaction,"Emotional disbelief at the moment.",ai
"nahhh i turned the game off after sengun got the steal and dunk wtf Houston 😭😭",reaction,"Emotional venting with emoji, no argument.",ai
"I'm not supposed to like the lakers but god did that feel good.",reaction,"Pure emotional response.",ai
"I definitely wasn't stressed at all. I'm super happy to see Jalen Green play so well in the play in. I hope this has exorcised Book's elimination game demons, but that's just me lying to myself.",reaction,"Sarcastic emotional fan processing, no argument.",ai
"ALL TIME CHOKE",reaction,"Caps-lock emotional outburst.",ai
"This is reaching peak levels of embarrassment",reaction,"Short emotional reaction to the result.",ai
"Sucks to lose, but we got to see Steph and Dray have a legendary game against the clips, we get to avoid getting swept by OKC and we get a lottery pick.",reaction,"Borderline: emotional fan silver-lining processing. Review.",ai
"Zero advantages generated by switching onto Dyson all game, he locked up Brunson in iso so much that they went out of their way to ensure he wasn't on Brunson. Drive? He'll get the block from behind and absorb the contact. Try to shoot? Too difficult to create separation, I don't recall him falling for any Brunson dribble moves all game. And McCollum kept making fadeaway midrange after fadeaway midrange.",analysis,"Detailed tactical breakdown of a defensive matchup.",ai
"Score notwithstanding, the defense looks MUCH more composed with Ayo slotted in place of Randle, both in set defense and during chaotic stretches, it's night and day. And it's not like Ayo is a schlub in playmaking or scoring. Very proud of Finch playing him to close.",analysis,"Tactical lineup analysis with reasoning.",ai
"That game was a lot closer than it should have been; late in the third, defense and ball movement fell apart as it usually does. The conditions for this team to win 90% of their games are just: 1) pass the ball multiple times on offense, 2) hustle on defense. Everybody eats on offense and you contain the ball on the perimeter and let Rudy and Jaden clean everything up inside.",analysis,"Structured breakdown of what the team needs to do.",ai
"He's very matchup dependent. The worst-case scenario for him is OKC or San Antonio in a series, he struggles against shot blockers and guards who get underneath his handle. Best to stay in the 3rd or 6th spot and hope for a matchup against the Lakers, Nuggets, or Rockets, where he'll feast.",analysis,"Matchup-based reasoning toward a seeding conclusion.",ai
"That's coaching and team issues. There's no reason not to run plays for KAT down the stretch in this series. Brunson dribbling it out isn't helping him. Reminds me of watching Jeff Teague dribble and just not get the ball to KAT.",analysis,"Coaching/tactical reasoning with a concrete comparison.",ai
"Oklahoma City is now set up to play Houston in the second round. If it weren't for the Lakers' injuries they probably would have faced Denver and San Antonio in the same run. Quietly a really big boon to OKC; they shouldn't see serious resistance until the WCF.",analysis,"Borderline: reasoned bracket analysis with specifics. Review.",ai
"Traded 5 firsts for someone who had more turnovers (4) than total points, rebounds and assists combined (0/1/2).",analysis,"Borderline: snarky but the specific stats do the work supporting the claim -> analysis. Review.",ai
"They're gonna lose this series trying to make him happen instead of just going to KAT",hot_take,"Prediction/claim, no evidence.",ai
"He might actually be running out of time to stay the undisputed first option, his preferred offense is causing so many problems in the clutch.",hot_take,"Evaluative claim with light reasoning, no hard evidence.",ai
"Warriors without Curry are so bad, feel bad for their fans, wonder what's gonna happen when Curry retires.",hot_take,"Opinion/claim, no evidence.",ai
"Nova Knicks in shambles. Trading DDV cursed them. Last year losing to Pacers black magic, this year losing to two players dumped by their former teams.",hot_take,"Narrative claim, no real evidence.",ai
"Mike Brown is Temu Doc Rivers",hot_take,"Borderline: dismissive comparison/joke as an evaluative jab. Review.",ai
"Can't believe we almost blew a 25 point lead to fuckin Mr. Tumnus",reaction,"Emotional disbelief, no argument.",ai
"We're running out of players",reaction,"Emotional vent about the injury situation.",ai
"Glad we won, but i dont feel any better about the team after that second half.",reaction,"Fan sentiment/emotional reaction, no argument.",ai
"TRAGIC BRUNSON ALERT",reaction,"Caps-lock emotional jab.",ai
"Bro they were going band for band on clutch shots, absolute cinema",reaction,"Hype/emotional reaction to the finish.",ai
"This game was a blast. Trash v trash. Bad, awful, terrible basketball. I had a great time.",reaction,"Emotional enjoyment, no argument.",ai
"People mostly just don't like his contract, but: we're a small market that has to overpay to retain good players; he likely agreed to come here long-term to secure that contract, which saved us assets in the trade; it doesn't really affect our books for other re-signings for a while; and going all in on Wemby now is the best move. It's an overpay, but not all overpays are created equal.",analysis,"Structured cap/asset reasoning toward a conclusion.",ai
"Don't think it's an overpay. When Fox has the proper team around him and isn't asked to do everything, he's around the 20th best player in the league. He's kept the Spurs afloat while Wemby has been out. A 30% max for a top-20ish guy is worth it, especially when he's one of the better starting point guards defensively.",analysis,"Reasoned player valuation with supporting points.",ai
"The smaller lineup that got them back in the game was different from the one they tried to close with. That closing lineup was getting cooked and Kenny didn't try anything different, just let Detroit gain all the momentum. With Cade getting downhill and Duren involved, you might as well bring Allen back and go double big to stop the bleeding.",analysis,"Detailed tactical breakdown of lineup decisions.",ai
"For the first time all playoffs we went 4 shooters around Duren. We paid for it defensively with Harden abusing Robinson on the other end, but Duren and Cade had space for the first time.",analysis,"Identifies a specific tactical tradeoff.",ai
"Duren shot poorly but didn't play poorly. Game-high +17, good defense, and several 3-point assists on his 7 offensive rebounds.",analysis,"Uses specific stats to rebut a claim.",ai
"Duren wasn't scoring a lot, but he had been active all night on defense and the boards. That run Cleveland had of offensive rebounds happened with Duren out, and it wasn't a coincidence.",analysis,"Observation-based causal reasoning.",ai
"Waited until 4 minutes to put Don in, started the 4th with Bryant and not Allen, didn't put the closers out there in time, went to a 4-guard lineup again against Detroit, and played Bryant and Schroder together for far too long. I'm baffled.",analysis,"Enumerated, specific coaching-decision critique.",ai
"Cavs making it super competitive after how sloppy they were with turnovers was good. Looks like a close series, Detroit's physicality and defense matches up well with Cleveland, but the Cavs have the shooting and rim protection to cause Detroit issues.",analysis,"Series-level matchup breakdown.",ai
"Duren literally couldn't do anything against Carter and the other bigs. The Magic are just huge overall. You can already see the difference vs the Cavs, a much better matchup for the Pistons offense.",analysis,"Matchup reasoning comparing two opponents.",ai
"Atkinson is not good. Jordan Ott was the reason we were so good last year; Atkinson's rotations and in-game management are disastrous.",hot_take,"Evaluative claim, attributes credit with no evidence.",ai
"I'm not convinced he's even a regular good coach with what he's shown the last two postseasons.",hot_take,"Opinion/claim, no supporting evidence.",ai
"Banchero's problems have always been about shot selection more than skill.",hot_take,"Borderline: sweeping claim with light reasoning, no evidence. Review.",ai
"Devin Vassell is a solid scorer, but Jesus Christ that guy does not pass the ball. Every time he gets the rock you know he's not giving it up, crazy selfish ball.",hot_take,"Complaint/claim, mostly assertion.",ai
"Deni can't win with these cats. We need dudes to get healthy so bad.",reaction,"Fan lament, no argument.",ai
"Best worst first seed of all time",reaction,"Emotional/jokey reaction to the result.",ai
"WORST ONE SEED OF ALL TIME BABY",reaction,"Caps-lock emotional outburst.",ai
"I like winning, and I hope it continues",reaction,"Light fan sentiment, no argument.",ai
"I cannot believe we benched JA. Immediately cooked possession after possession inside. Just baffling.",reaction,"Borderline: emotional disbelief with an observation. Review.",ai
"It was a fun game, hope next time we play everyone's healthy",reaction,"Mild fan sentiment, no argument.",ai
"We only scored 9 points in an 8 minute stretch. Even with a rebounding advantage we can't score. We lack 3PT volume on top of the recent shooting regression, and the double big plus Amen kills the spacing inside.",analysis,"Specific stretch + multiple concrete causes for the scoring drought.",ai
"They try to use the double big lineup to force a center out on Adams while Amen and Sengun operate through mismatches, but if a defense is good enough to handle that it just results in 3-4 non-shooters on the floor, which gets ugly real fast.",analysis,"Explains the scheme and exactly why it breaks down.",ai
"We have so many 4th quarter collapses when defenses lock in on KD and Sengun. They struggle with that much on-ball pressure and nobody can get them the ball inside.",analysis,"Identifies a recurring pattern with a causal explanation.",ai
"Minny started doing this last year, and he got waves of it against Denver in the playoffs, but I've never seen a coach hard-commit to it for a full game. Surprised he didn't shake it up considering how easily they were breaking down the 4-on-3s for open shots.",analysis,"Tactical observation with historical context.",ai
"Amen's playmaking has been solid at times, but his inability to shoot makes it harder. Players sag off him so it's easier to intercept longer passes, and if you run screen actions with him as the ballhandler, teams double or hedge the other player since they aren't worried about Amen punishing them from 3.",analysis,"Detailed tactical explanation of a player's limitation.",ai
"Your defense is so stifling that it forces them to do too much and put the ball in someone else's hands who isn't a natural creator. Getting VanVleet back takes that load off both and makes Durant more dangerous, so he can get to his spots off screens instead of creating on his own.",analysis,"Reasoned argument about roster fit and scheme.",ai
"Chet Holmgren completely dominated this game. The Rockets couldn't do anything with him at the rim, and if KD isn't going to bail them out with jumpers, they didn't really have a chance.",analysis,"Matchup read with supporting reasoning.",ai
"When did KD stop moving off the ball? In OKC he was constantly running off pindowns. Now he's stagnant, waiting to get the ball in the pinch post or in a PNR/iso. He doesn't manipulate the defense to open things up the way elite creators do. Shai was happy to draw two and three defenders and kick it; KD adamantly went one-on-one.",analysis,"Detailed comparison grounded in specific play patterns.",ai
"Why is Ime running 4 non-shooters plus KD? It just turns into ISOs for Sengun and KD and then bricks for the role players.",analysis,"Borderline: ranty framing but the tactical reasoning is real. Review.",ai
"Rockets were much better early on but always played behind because they missed so much. It's rare to see Durant be so completely off, 19 points on 23 shots is brutal.",analysis,"Borderline: stat-based but also emotional. Review.",ai
"The eye test of KD is so much worse than his season stats would suggest.",hot_take,"Evaluative claim, no specifics.",ai
"People really think KD is that guy still huh. This guy is not as elite as people continue to portray him.",hot_take,"Dismissive opinion, no evidence.",ai
"This Rockets team folds easier than a table at a Bills tailgate. So ready for this squad of bums to get swept out in the first round.",hot_take,"Dismissive claim/prediction, no evidence.",ai
"Sheppard is currently a 6'2 volume scorer and floor spacer who is a massive defensive liability. I can't believe Houston fans consider him a legitimate franchise building block.",hot_take,"Borderline: some description but mostly an unevidenced evaluative claim. Review.",ai
"Sengun is straight buns",hot_take,"Brief dismissive opinion.",ai
"My brain is permanently scrambled after that",reaction,"Pure emotional reaction to the game.",ai
"Too much dopamine. It could not have gone worse to start the OT and couldn't have gone better to end it.",reaction,"Emotional processing of the finish.",ai
"Jesus the houston rockets offense IS ASSSSSSS OMFG",reaction,"Emotional venting, no argument.",ai
"Was fun when the sky was falling and the thunder were frauds",reaction,"Emotional/sarcastic fan reflection.",ai
"1-7 in OT games lol",reaction,"Resigned emotional reaction.",ai
"Best game hands down lmao",reaction,"Short emotional reaction.",ai
"REFS, YOU SUCK!!!!",reaction,"Caps-lock ref-rage outburst.",ai
"We are ass",reaction,"Brief emotional self-deprecation.",ai
"I mean they lost to the wolves WITHOUT ANTHONY EDWARDS LMAO",reaction,"Emotional mockery, no argument.",ai
"It was honestly hilarious how he'd check in and they'd immediately drive and get free layups. He doesn't contest or foul, so it's just free points in the paint. He literally just stands there.",analysis,"Tactical observation about a specific defensive weakness.",ai
"Insane game, and tough of the whole team to follow Jaden's shit talk with a physical game where they dominated the paint. They're top to bottom bought in on defense and attacking the rim. Rudy is clearly the MVP of this series. But I'm extremely concerned about Ant's knee, he's clearly hobbled, can't drive, can't get lift on jumpers, can't move on defense. Not sure how often they can replicate this with Ant a non-factor.",analysis,"Detailed breakdown plus a reasoned concern.",ai
"Beating the Spurs and OKC may just not be possible with Ant's knee. He's too important against elite defenses for us to get good looks and generate enough offense. A lot of what drives the success vs Denver is not replicable vs Wemby and Chet.",analysis,"Reasoned matchup projection.",ai
"Games like today show how much we need a healthy Tatum to really compete in a 7-game series against the Knicks or Pistons. Guys aren't making 3s and JB had to shoulder so much. Tatum creates gravity and would've pushed the envelope. Hustle isn't enough, you gotta make buckets.",analysis,"Reasoned argument about why they fell short.",ai
"The biggest thing is Embiid is awful on defense against this team. Everyone can shoot, you can't play drop coverage on Brunson, and once Embiid is out of the paint there is no rim protection.",analysis,"Tactical explanation of a matchup problem.",ai
"KAT's current playstyle is basically built in a lab to render Embiid useless on defense, an elite passing big who also has to be guarded at the 3 point line, so once Embiid leaves the paint there's no rim protection.",analysis,"Tactical reasoning about a specific matchup.",ai
"The Celtics have an incredibly inconsistent rotation. Some dudes play 25 minutes as a starter and get a DNP the next night. Walsh, Minott, Hugo, Garza, Hauser and Scheierman have all rotated from heavy-minute starters to back-of-bench DNPs. It leads to a lot of guys having worse stats than you'd imagine.",analysis,"Detailed analysis of rotation patterns.",ai
"It was a contract trade for sure, it let Boston duck the tax. But the dropoff in secondary ball handling and shot creation from Simons to whatever's next is more detrimental than the improvement any center brings. If they were hellbent on getting under the tax, I'd rather they moved Hauser.",analysis,"Cap/roster reasoning evaluating a trade.",ai
"Finally realized what stats don't tell the full story means. No stat sheet can capture the amount of impact Gobert has on the defensive end. Jokic can't do anything against him.",analysis,"Borderline: argues about non-box-score impact. Review.",ai
"It's a 17 point win with the calls being about a 15 point swing. Minnesota couldn't build any momentum to truly put it away for most of the 2nd, any run got stopped with some BS call.",analysis,"Borderline: ref-focused but an analytical read of the game flow. Review.",ai
"Jokic played like shit all game and then spammed 3s to signify that he gave up. What an absolutely pathetic display. That had to be by far the worst game of his career.",hot_take,"Strong evaluative claim, mostly assertion.",ai
"This might be the worst Jokic playoff game I've ever seen. If the Nuggets don't respond, Jokic's legacy is gonna look real interesting post-2023, all I'm saying.",hot_take,"Sweeping legacy claim, no real evidence.",ai
"No player has won more these playoffs than Jaden McDaniels. He is the coolest player in the NBA now.",hot_take,"Evaluative claim, no evidence.",ai
"Brunson is actually so much better than Jaylen Brown it's insane",hot_take,"Bare comparison claim, no support.",ai
"If you are an actual playoff team taking the game seriously then Payton Pritchard gets omega exposed.",hot_take,"Confident claim, no evidence.",ai
"Ayo Dosunmu changed my life and I'm not even a Wolves fan. So glad it's not the Rockets that got him at the deadline.",reaction,"Emotional hype, no argument.",ai
"That was fun, 14 more games like that please",reaction,"Pure emotional reaction.",ai
"In general, the game these days has put the fear of God in me. We were up 28 and missed a few shots and all I could think was come on we NEED A BUCKET.",reaction,"Emotional fan anxiety, no argument.",ai
"Huh, everyone told me the knicks were cooked after Friday.",reaction,"Sarcastic emotional reaction.",ai
"Celts couldn't hit the side of a barn door. We needed this after Friday.",reaction,"Emotional reaction, no real argument.",ai
"Minor setback for a major comeback",reaction,"Short emotional fan sentiment.",ai
"I loved seeing Jose in the Knicks uniform. Suits him so well. And what a debut, OMG",reaction,"Emotional enthusiasm, no argument.",ai
"Damn we paid off Scott and still couldn't get it. In all honesty I'm depressed.",reaction,"Emotional fan despair (joking about refs), no argument.",ai
"Fuck yeah Knicks.",reaction,"Brief emotional celebration.",ai
